"Name";"Accepted_name_rank";"Accepted_name_family";"Genus_matched";"Specific_epithet_matched";"Accepted_name_species";"Taxonomic_status";"Overall_score";"Source";"fonction";"restriction";"description"
"Abies holophylla";"species";"Pinaceae";"Abies";"holophylla";"Abies holophylla";"Accepted";"1";"tpl;tropicos";"SKIN CONDITIONING";"";"Abies Holophylla Leaf/Stem/Wood Extract is the extract of the leaves, stems and wood of Abies holophylla, Pinaceae."
"Hibiscus acetosella";"species";"Malvaceae";"Hibiscus";"acetosella";"Hibiscus acetosella";"Accepted";"1";"tpl;tropicos";"ANTIOXIDANT, SKIN CONDITIONING";"";"Acetobacter/Saccharomyces/Hibiscus Acetosella Leaf/Sucrose Ferment Extract Filtrate is a filtrate of the extract of the product obtained by the fermentation of the leaves of Hibiscus acetosella and Sucrose by the microorganisms Acetobacter and Saccharomyces."
"Actinotus helianthi";"species";"Apiaceae";"Actinotus";"helianthi";"Actinotus helianthi";"Accepted";"1";"tpl";"SKIN CONDITIONING";"";"Actinotus Helianthi Flower Extract is the extract of the flowers of Actinotus helianthi, Apiaceae."
"Ajuga nipponensis";"species";"Lamiaceae";"Ajuga";"nipponensis";"Ajuga nipponensis";"Accepted";"1";"tpl;tropicos";"HUMECTANT, SKIN CONDITIONING";"";"Ajuga Nipponensis Leaf/Stem Extract is the extract of the leaves and stems of Ajuga nipponensis, Lamiaceae."
"Aloe tomentosa";"species";"Xanthorrhoeaceae";"Aloe";"tomentosa";"Aloe tomentosa";"Accepted";"1";"tpl";"HUMECTANT, SKIN CONDITIONING";"";"Aloe Tomentosa Leaf Extract is the extract of the leaves of Aloe tomentosa, Aloaceae."
"Alpinia japonica";"species";"Zingiberaceae";"Alpinia";"japonica";"Alpinia japonica";"Accepted";"1";"tpl;tropicos";"SKIN CONDITIONING";"";"Alpinia Japonica Rhizome Extract is the extract of the rhizomes of Alpinia japonica, Zingiberaceae."
"Angelonia angustifolia";"species";"Plantaginaceae";"Angelonia";"angustifolia";"Angelonia angustifolia";"Accepted";"1";"tpl;tropicos;usda";"HUMECTANT, SKIN CONDITIONING";"";"Angelonia Angustifolia Flower/Leaf/Stem Extract is the extract of the flowers, leaves and stems of Angelonia angustifolia, Plantaginaceae."
"Anredera cordifolia";"species";"Basellaceae";"Anredera";"cordifolia";"Anredera cordifolia";"Accepted";"1";"tpl;tropicos;usda";"HUMECTANT, SKIN CONDITIONING";"";"Anredera Cordifolia Leaf Extract is the extract of the leaves of Anredera cordifolia, Basellaceae."
"Antirrhinum majus";"species";"Plantaginaceae";"Antirrhinum";"majus";"Antirrhinum majus";"Accepted";"1";"tpl;tropicos;usda";"HUMECTANT, SKIN CONDITIONING";"";"Antirrhinum Majus Flower Extract is the extract of the flowers of Antirrhinum majus, Plantaginaceae."
"Aquilaria crassna";"species";"Thymelaeaceae";"Aquilaria";"crassna";"Aquilaria crassna";"Accepted";"1";"tpl;tropicos";"EMOLLIENT, SKIN CONDITIONING";"";"Aquilaria Crassna Stem Extract is the extract of the stems of Aquilaria crassna, Thymelaeaceae."
"Aquilaria sinensis";"species";"Thymelaeaceae";"Aquilaria";"sinensis";"Aquilaria sinensis";"Accepted";"1";"tpl;tropicos";"ANTIOXIDANT, SKIN PROTECTING";"";"Aquilaria Sinensis Leaf Extract is the extract of the leaves of Aquilaria sinensis, Thymelaeaceae."
"Artemisia afra";"species";"Asteraceae";"Artemisia";"afra";"Artemisia afra";"Accepted";"1";"gcc;tropicos";"FLAVOURING, MASKING, SKIN CONDITIONING";"";"Artemisia Afra Leaf/Stem Oil is the volatile oil obtained from the leaves and stems of Artemisia afra, Asteraceae."
"Rubus crataegifolius";"species";"Rosaceae";"Rubus";"crataegifolius";"Rubus crataegifolius";"Accepted";"1";"tpl;tropicos;usda";"SKIN CONDITIONING";"";"Aspergillus/Lactobacillus/Saccharomyces/Actinidia Arguta Fruit/Akebia Quinata Fruit/Corylus Heterophylla Fruit/Diospyros Lotus Fruit/Morus Alba Fruit/Prunus Davidiana Fruit/Pyrus Lindleji Fruit/Rubus Crataegifolius Fruit/Vitis Amurensis Fruit Ferment Filtrate is a filtrate of the product obtained by the fermentation of the fruit of Actinidia arguta, Akebia quinata, Corylus heterophylla, Diospyros lotus, Morus alba, Prunus davidiana, Pyrus lindleji, Rubus crataegifolius and Vitis amurensis, by the microorganisms, Aspergillus, Lactobacillus and Saccharomyces"
"Aster yomena";"species";"Asteraceae";"Aster";"yomena";"Aster yomena";"Accepted";"1";"gcc";"SKIN CONDITIONING";"";"Aster Yomena Callus Conditioned Media is the growth media removed from cultures of callus cells from Aster yomena after several days of growth."
"Athrixia phylicoides";"species";"Asteraceae";"Athrixia";"phylicoides";"Athrixia phylicoides";"Accepted";"1";"gcc;tropicos";"EMOLLIENT, SKIN CONDITIONING";"";"Athrixia Phylicoides Leaf Extract is the extract of the leaves of Athrixia phylicoides, Asteraceae."
"Berardia lanuginosa";"species";"Asteraceae";"Berardia";"lanuginosa";"Berardia lanuginosa";"Accepted";"1";"gcc";"SKIN CONDITIONING";"";"Berardia Lanuginosa Callus Culture Extract is the extract of a culture of the callus of Berardia lanuginosa, Asteraceae."
"Callicarpa dichotoma";"species";"Lamiaceae";"Callicarpa";"dichotoma";"Callicarpa dichotoma";"Accepted";"1";"tpl";"HUMECTANT, SKIN CONDITIONING";"";"Callicarpa Dichotoma Fruit Extract is the extract of the fruit of Callicarpa dichotoma, Lamiaceae."
"Campanula punctata";"species";"Campanulaceae";"Campanula";"punctata";"Campanula punctata";"Accepted";"1";"tpl;tropicos;usda";"ANTIMICROBIAL, ANTIOXIDANT, HAIR CONDITIONING, SKIN CONDITIONING, SKIN PROTECTING";"";"Campanula Punctata Callus Extract is the extract of the callus of Campanula punctata grown in culture."
"Capparis mitchellii";"species";"Capparaceae";"Capparis";"mitchellii";"Capparis mitchellii";"Accepted";"1";"tpl";"SKIN CONDITIONING";"";"Capparis Mitchellii Leaf Extract is the extract of the leaves of Capparis mitchellii, Capparaceae."
"Centipeda minima";"species";"Asteraceae";"Centipeda";"minima";"Centipeda minima";"Accepted";"1";"gcc";"EMOLLIENT, SKIN CONDITIONING, SKIN PROTECTING";"";"Centipeda Minima Extract is the extract of the whole plant Centipeda minima, Asteraceae."
"Chionanthus retusus";"species";"Oleaceae";"Chionanthus";"retusus";"Chionanthus retusus";"Accepted";"1";"tpl;tropicos";"HUMECTANT, SKIN CONDITIONING";"";"Chionanthus Retusus Flower/Leaf/Seed Extract is the extract of the flowers, leaves and seeds of Chionanthus retusus, Oleaceae."
"Elsholtzia ciliata";"species";"Lamiaceae";"Elsholtzia";"ciliata";"Elsholtzia ciliata";"Accepted";"1";"tpl;tropicos;usda";"ANTIOXIDANT, ANTISEBORRHOEIC, EMOLLIENT, HUMECTANT, SKIN CONDITIONING";"";"This is the extract of the branches of Cinnamomum cassia ; the flowers of Lonicera japonica; the fruits of Arctium lappa, and Schisandra chinensis; the roots of Paeonia suffruticosa; the whole plant Elsholtzia ciliata."
"Cleyera japonica";"species";"Pentaphylacaceae";"Cleyera";"japonica";"Cleyera japonica";"Accepted";"1";"tpl;usda";"HUMECTANT";"";"Cleyera Japonica Leaf Extract is the extract of the leaves of Cleyera japonica, Pentaphylacaceae."
"Clinacanthus nutans";"species";"Acanthaceae";"Clinacanthus";"nutans";"Clinacanthus nutans";"Accepted";"1";"tpl";"ANTIOXIDANT, SKIN CONDITIONING, SKIN PROTECTING";"";"Clinacanthus Nutans Leaf Extract is the extract of the leaves of Clinacanthus nutans, Acanthaceae."
"Commiphora tenuipetiolata";"species";"Burseraceae";"Commiphora";"tenuipetiolata";"Commiphora tenuipetiolata";"Accepted";"1";"tpl;tropicos";"ANTIMICROBIAL, ANTISEBORRHOEIC";"";"Commiphora Tenuipetiolata Gum Extract is the extract of the gum of Commiphora tenuipetiolata, Burseraceae."
"Corydalis heterocarpa";"species";"Papaveraceae";"Corydalis";"heterocarpa";"Corydalis heterocarpa";"Accepted";"1";"tpl;tropicos";"EMOLLIENT, SKIN CONDITIONING";"";"Corydalis Heterocarpa Extract is the extract of the whole plant Corydalis heterocarpa, Papaveraceae."
"Crataegus pinnatifida";"species";"Rosaceae";"Crataegus";"pinnatifida";"Crataegus pinnatifida";"Accepted";"1";"tpl;tropicos;usda";"SKIN CONDITIONING";"";"Crataegus Pinnatifida Fruit Extract is the extract of the fruit of Crataegus pinnatifida, Rosaceae."
"Cymbopogon ambiguus";"species";"Poaceae";"Cymbopogon";"ambiguus";"Cymbopogon ambiguus";"Accepted";"1";"tpl";"ANTIOXIDANT, SKIN CONDITIONING";"";"Cymbopogon Ambiguus Leaf Extract is the extract of the leaves of Cymbopogon ambiguus, Poaceae."
"Cyrtomium falcatum";"species";"Dryopteridaceae";"Cyrtomium";"falcatum";"Cyrtomium falcatum";"Accepted";"1";"tpl;tropicos;usda";"SKIN CONDITIONING";"";"Cyrtomium Falcatum Extract is the extract of the whole plant Cyrtomium falcatum, Dryopteridaceae."
"Cyrtopodium glutiniferum";"species";"Orchidaceae";"Cyrtopodium";"cardiochilum";"Cyrtopodium glutiniferum";"Synonym";"1";"tpl";"EMOLLIENT, HUMECTANT, SKIN CONDITIONING";"";"Cyrtopodium Cardiochilum Pseudobulb Extract is the extract of the pseudobulb of Cyrtopodium cardiochilum, Orchidaceae."
"Daphne feddei";"species";"Thymelaeaceae";"Daphne";"feddei";"Daphne feddei";"Accepted";"1";"tpl";"SKIN CONDITIONING";"";"Daphne Feddei Flower/Leaf/Stem Extract is the extract of the flowers, leaves and stems of Daphne feddei, Thymelaeaceae."
"Diospyros nitida";"species";"Ebenaceae";"Diospyros";"nitida";"Diospyros nitida";"Accepted";"1";"tpl;tropicos";"ANTIOXIDANT, SKIN CONDITIONING, SKIN PROTECTING";"";"Diospyros Nitida Fruit Extract is the extract of the fruit of Diospyros nitida, Ebenaceae."
"Dracocephalum ruyschiana";"species";"Lamiaceae";"Dracocephalum";"ruyschiana";"Dracocephalum ruyschiana";"Accepted";"1";"tpl;tropicos";"ANTIOXIDANT, BLEACHING, SKIN PROTECTING";"";"racocephalum Ruyschiana Callus Extract is the extract of the callus of Dracocephalum ruyschiana, Lamiaceae, grown in culture."
"Erythronium japonicum";"species";"Liliaceae";"Erythronium";"japonicum";"Erythronium japonicum";"Accepted";"1";"tpl;tropicos";"SKIN CONDITIONING";"";"Erythronium Japonicum Flower/Leaf/Stem Extract is the extract of the flowers, leaves, and stems of Erythronium japonicum, Liliaceae."
"Ficus lacor";"species";"Moraceae";"Ficus";"lacor";"Ficus lacor";"Accepted";"1";"tpl";"SKIN PROTECTING";"";"Ficus Lacor Bark Extract is the extract of the bark of Ficus lacor, Moraceae."
"Fritillaria thunbergii";"species";"Liliaceae";"Fritillaria";"thunbergii";"Fritillaria thunbergii";"Accepted";"1";"tpl;tropicos";"SKIN CONDITIONING";"";"Fritillaria Thunbergii Bulb Extract is the extract of the bulbs of Fritillaria thunbergii, Liliaceae."
"Garcinia hanburyi";"species";"Clusiaceae";"Garcinia";"hanburyi";"Garcinia hanburyi";"Accepted";"1";"tpl";"COSMETIC COLORANT";"";"Garcinia Hanburyi Sap Powder is the powder obtained from the dried, ground sap of Garcinia hanburyi, Clusiaceae."
"Glandularia tenera";"species";"Verbenaceae";"Glandularia";"tenera";"Glandularia tenera";"Accepted";"1";"tpl;tropicos;usda";"HUMECTANT, SKIN CONDITIONING";"";"Glandularia Tenera Flower/Leaf/Stem Extract is the extract of the flowers, leaves and stems of Glandularia tenera, Verbenaceae."
"Graptopetalum paraguayense";"species";"Crassulaceae";"Graptopetalum";"paraguayense";"Graptopetalum paraguayense";"Accepted";"1";"tpl";"ANTIOXIDANT";"";"Graptopetalum Paraguayense Extract is the extract of the whole plant Graptopetalum paraguayense, Crassulaceae."
"Hemistepta lyrata";"species";"Asteraceae";"Hemistepta";"lyrata";"Hemistepta lyrata";"Accepted";"1";"gcc";"HUMECTANT, SKIN CONDITIONING, SKIN PROTECTING";"";"Hemistepta Lyrata Extract is the extract of the whole plant, Hemistepta lyrata, Asteraceae."
"Heracleum moellendorffii";"species";"Apiaceae";"Heracleum";"moellendorffii";"Heracleum moellendorffii";"Accepted";"1";"tpl;tropicos";"SKIN CONDITIONING";"";"Heracleum Moellendorffii Leaf Extract is the extract of the leaves of Heracleum moellendorffii, Apiaceae."
"Hosta capitata";"species";"Asparagaceae";"Hosta";"capitata";"Hosta capitata";"Accepted";"1";"tpl";"NOT REPORTED";"";"Hosta Capitata Extract is the extract of the whole plant, Hosta capitata, Asparagaceae."
"Hubertia ambavilla";"species";"Asteraceae";"Hubertia";"ambavilla";"Hubertia ambavilla";"Accepted";"1";"tropicos";"ANTIMICROBIAL, ANTIOXIDANT, SKIN CONDITIONING";"";"Hubertia Ambavilla Flower/Leaf Extract is the extract of the flowers and leaves of Hubertia ambavilla, Asteraceae."
"Ixeridium dentatum";"species";"Asteraceae";"Ixeridium";"dentatum";"Ixeridium dentatum";"Accepted";"1";"gcc";"EMOLLIENT, HUMECTANT, SKIN CONDITIONING, SKIN PROTECTING";"";"Ixeridium Dentatum Extract is the extract of the whole plant, Ixeridium dentatum, Asteraceae."
"Jacaranda caucana";"species";"Bignoniaceae";"Jacaranda";"caucana";"Jacaranda caucana";"Accepted";"1";"tpl;tropicos";"ANTIMICROBIAL, ANTIOXIDANT";"";"Jacaranda Caucana Leaf Extract is the extract of the leaves of Jacaranda caucana, Bignoniace."
"Jatropha mahafalensis";"species";"Euphorbiaceae";"Jatropha";"mahafalensis";"Jatropha mahafalensis";"Accepted";"1";"tpl";"EMOLLIENT, SKIN CONDITIONING";"";"Jatropha Mahafalensis Seed Oil is the fixed oil expressed from the seeds of Jatropha mahafalensis, Euphorbiaceae."
"Artemisia indica";"species";"Asteraceae";"Artemisia";"indica";"Artemisia indica";"Accepted";"1";"tpl;gcc;tropicos";"SKIN CONDITIONING";"";"This is a filtrate of the extract of the fermentation of the bulbs of Allium cepa, Allium sativum, and Solanum tuberosum; the fruits of Ananas comosus, Carica papaya, Citrus limon, Cucumis sativus, Diospyros kaki, Solanum lycopersicum and Vitis coignetiae; the leaves of Allium tuberosum, Aloe barbadensis, Artemisia indica, Brassica oleracea capitata, Brassica rapa, Houttuynia cordata, Petroselinum crispum and Spinacia oleracea; the roots of Arctium lappa, Brassica rapa, Daucus carota sativa, Nelumbo nucifera and Raphanus sativus; the seeds of Coix lachryma-Jobi ma-yuen, Hordeum vulgare, and Oryza sativa; the sprouts of Vigna radiata; the whole plants, Brassica oleracea italica, Grifola frondosa, Lentinula edodes and Saccharina japonica, by the microorganisms Lactococcus and Saccharomyces."
"Lamium purpureum";"species";"Lamiaceae";"Lamium";"purpureum";"Lamium purpureum";"Accepted";"1";"tpl;tropicos;usda";"HUMECTANT, SKIN CONDITIONING";"";"Lamium Purpureum Extract is the extract of the whole plant Lamium purpureum, Lamiaceae."
"Lavandula dentata";"species";"Lamiaceae";"Lavandula";"dentata";"Lavandula dentata";"Accepted";"1";"tpl;tropicos";"MASKING";"";"Lavandula Dentata Flower/Leaf Oil is the volatile oil obtained from the flowers and leaves of Lavandula dentata, Lamiaceae."
"Lemmaphyllum microphyllum";"species";"Polypodiaceae";"Lemmaphyllum";"microphyllum";"Lemmaphyllum microphyllum";"Accepted";"1";"tpl;tropicos";"EMOLLIENT, SKIN CONDITIONING, SKIN PROTECTING";"";"Lemmaphyllum Microphyllum Extract is the extract of the whole plant Lemmaphyllum microphyllum, Polypodiaceae."
"Linaria loeselii";"species";"Plantaginaceae";"Linaria";"loeselii";"Linaria loeselii";"Accepted";"1";"tpl;tropicos";"ANTIOXIDANT, HUMECTANT, SKIN CONDITIONING";"";"Linaria Loeselii Callus Extract is the extract of the callus of Linaria Loeselii, Plantaginaceae, grown in culture."
"Liquidambar acalycina";"species";"Altingiaceae";"Liquidambar";"acalycina";"Liquidambar acalycina";"Accepted";"1";"tpl";"MASKING, SKIN CONDITIONING";"";"Liquidambar Acalycina/Formosana Resin Oil is the volatile oil obtained from the resin of Liquidambar acalycina and Liquidambar formosana."
"Lithops pseudotruncatella";"species";"Aizoaceae";"Lithops";"pseudotruncatella";"Lithops pseudotruncatella";"Accepted";"1";"tpl";"SKIN CONDITIONING";"";"Lithops Pseudotruncatella Callus Lysate are the lysed cells derived from the callus of Lithops pseudotruncatella grown in culture."
"Lodoicea maldivica";"species";"Arecaceae";"Lodoicea";"maldivica";"Lodoicea maldivica";"Accepted";"1";"tpl";"ANTIOXIDANT";"";"Lodoicea Maldivica Fruit Extract is the extract of the fruit of Lodoicea maldivica, Arecaceae."
"Loranthus tanakae";"species";"Loranthaceae";"Loranthus";"tanakae";"Loranthus tanakae";"Accepted";"1";"tpl;tropicos";"BLEACHING";"";"Loranthus Tanakae Stem Extract is the extract of the stems of Loranthus tanakae, ?Loranthaceae."
"Lycoris uydoensis";"species";"Amaryllidaceae";"Lycoris";"uydoensis";"Lycoris uydoensis";"Accepted";"1";"tpl";"ANTIMICROBIAL, ANTIOXIDANT, PRESERVATIVE";"";"Lycoris Uydoensis Extract is the extract of the whole plant Lycoris uydoensis, Amaryllidaceae."
"Mentha australis";"species";"Lamiaceae";"Mentha";"australis";"Mentha australis";"Accepted";"1";"tpl";"SKIN CONDITIONING";"";"Mentha Australis Leaf Extract is the extract of the leaves of Mentha australis, Lamiaceae."
"Mucuna birdwoodiana";"species";"Fabaceae";"Mucuna";"birdwoodiana";"Mucuna birdwoodiana";"Accepted";"1";"ildis;tropicos";"SKIN CONDITIONING";"";"Mucuna Birdwoodiana Stem Extract is an extract of the stems of Mucuna birdwoodiana, Leguminosae"
"Muhlenbergia capillaris";"species";"Poaceae";"Muhlenbergia";"capillaris";"Muhlenbergia capillaris";"Accepted";"1";"tpl;tropicos;usda";"EMOLLIENT, SKIN CONDITIONING";"";"Muhlenbergia Capillaris Extract is the extract of the whole plant Muhlenbergia capillaris, Poaceae."
"Nuphar lutea";"species";"Nymphaeaceae";"Nuphar";"lutea";"Nuphar lutea";"Accepted";"1";"tpl;tropicos;usda";"EMOLLIENT, SKIN CONDITIONING";"";"Nuphar Lutea Extract is the extract of the whole plant Nuphar lutea, Nymphaeaceae."
"Nymphoides hydrophylla";"species";"Menyanthaceae";"Nymphoides";"hydrophylla";"Nymphoides hydrophylla";"Accepted";"1";"tpl;tropicos";"ANTIOXIDANT";"";"Nymphoides Hydrophylla Stem Extract is the extract of the stems of Nymphoides hydrophylla, Menyanthaceae."
"Patrinia scabiosifolia";"species";"Caprifoliaceae";"Patrinia";"scabiosifolia";"Patrinia scabiosifolia";"Accepted";"1";"tpl;tropicos";"SKIN CONDITIONING";"";"Patrinia Scabiosifolia Extract is the extract of the whole plant Patrinia scabiosifolia, Caprifoliaceae."
"Persicaria amphibia";"species";"Polygonaceae";"Persicaria";"amphibia";"Persicaria amphibia";"Accepted";"1";"tpl;tropicos";"HUMECTANT, SKIN CONDITIONING, SKIN PROTECTING";"";"Persicaria Amphibia Extract is the extract of the whole plant Persicaria amphibia (Polygonaceae)."
"Phymatosorus grossus";"species";"Polypodiaceae";"Phymatosorus";"grossus";"Phymatosorus grossus";"Accepted";"1";"tpl;tropicos;usda";"SKIN PROTECTING";"";"Phymatosorus Grossus Leaf Extract is the extract of the leaves of Phymatosorus grossus, Polypodiaceae."
"Physostegia virginiana";"species";"Lamiaceae";"Physostegia";"virginiana";"Physostegia virginiana";"Accepted";"1";"tpl;tropicos;usda";"ANTISEBORRHOEIC, SKIN CONDITIONING, SURFACTANT";"";"Physostegia Virginiana Leaf/Stem Extract is the extract of the leaves and stems of Physostegia virginiana, Lamiaceae."
"Picea glehnii";"species";"Pinaceae";"Picea";"glehnii";"Picea glehnii";"Accepted";"1";"tpl";"MASKING";"";"Picea Glehnii Needle Oil is the volatile oil obtained from the needles of Picea glehnii, Pinaceae."
"Premna mollissima";"species";"Lamiaceae";"Premna";"mollissima";"Premna mollissima";"Accepted";"1";"tpl";"SKIN CONDITIONING";"";"Premna Mollissima Leaf/Root Extract is the extract of the leaves and roots of Premna mollissima, Lamiaceae."
"Protea cynaroides";"species";"Proteaceae";"Protea";"cynaroides";"Protea cynaroides";"Accepted";"1";"tpl;tropicos;usda";"EMOLLIENT, SKIN CONDITIONING";"";"Protea Cynaroides Flower Extract is the extract of the flowers of Protea cynaroides (Proteaceae)."
"Pyrus calleryana";"species";"Rosaceae";"Pyrus";"calleryana";"Pyrus calleryana";"Accepted";"1";"tpl;tropicos;usda";"SKIN CONDITIONING";"";"Pyrus Calleryana Extract is the extract of the whole plant, Pyrus calleryana (Rosaceae)."
"Ranunculus japonicus";"species";"Ranunculaceae";"Ranunculus";"japonicus";"Ranunculus japonicus";"Accepted";"1";"tpl;tropicos";"EMOLLIENT, SKIN PROTECTING";"";"Ranunculus Japonicus Extract is the extract of the whole plant, Ranunculus japonicus, ?Ranunculaceae."
"Stemmacantha uniflora";"species";"Asteraceae";"Rhaponticum";"uniflorum";"Stemmacantha uniflora";"Synonym";"1";"gcc";"SKIN CONDITIONING";"";"Rhaponticum Uniflorum Root Extract is the extract of the roots of Rhaponticum uniflorum, Compositae."
"Rosa chinensis";"species";"Rosaceae";"Rosa";"chinensis";"Rosa chinensis";"Accepted";"1";"tpl;tropicos;usda";"EMOLLIENT, SKIN CONDITIONING";"";"Rosa Chinensis Callus Lysate are the lysed cells derived from the callus of Rosa chinensis (Rosaceae) grown in culture."
"Rosa hirtula";"species";"Rosaceae";"Rosa";"hirtula";"Rosa hirtula";"Accepted";"1";"tpl";"HUMECTANT";"";"Rosa Hirtula Branch/Leaf Extract is the extract of the branches and leaves of Rosa hirtula, Rosaceae."
"Rosa moschata";"species";"Rosaceae";"Rosa";"moschata";"Rosa moschata";"Accepted";"1";"tpl";"ASTRINGENT";"";"Rosa Moschata Leaf Extract is an extract of the leaves of the Musk Rose, Rosa moschata, Rosaceae"
"Rubus parvifolius";"species";"Rosaceae";"Rubus";"parvifolius";"Rubus parvifolius";"Accepted";"1";"tpl;tropicos;usda";"ASTRINGENT, SKIN CONDITIONING";"";"Rubus Parvifolius Fruit Extract is an extract of the berries of the Raspberry, Rubus parvifolius L., Rosaceae"
"Salvia dorisiana";"species";"Lamiaceae";"Salvia";"dorisiana";"Salvia dorisiana";"Accepted";"1";"tpl;tropicos";"SKIN CONDITIONING";"";"Salvia Dorisiana Leaf Extract is the extract of the leaves of Salvia dorisiana (Lamiaceae)."
"Salvia elegans";"species";"Lamiaceae";"Salvia";"elegans";"Salvia elegans";"Accepted";"1";"tpl;tropicos;usda";"HUMECTANT, SKIN CONDITIONING";"";"Salvia Elegans Flower/Leaf/Stem Extract is the extract of the flowers, leaves and stems of Salvia elegans (Lamiaceae)."
"Silene seoulensis";"species";"Caryophyllaceae";"Silene";"seoulensis";"Silene seoulensis";"Accepted";"1";"tpl;tropicos";"SKIN CONDITIONING";"";"Silene Seoulensis Extract is the extract of the whole plant Silene seoulensis, Caryophyllaceae."
"Sinomenium acutum";"species";"Menispermaceae";"Sinomenium";"acutum";"Sinomenium acutum";"Accepted";"1";"tpl";"EMOLLIENT";"";"Sinomenium Acutum Branch/Leaf Extract is the extract of the branches and leaves of Sinomenium acutum, Menispermaceae."
"Stellaria aquatica";"species";"Caryophyllaceae";"Stellaria";"aquatica";"Stellaria aquatica";"Accepted";"1";"tpl";"EMOLLIENT, SKIN CONDITIONING, SKIN PROTECTING";"";"Stellaria Aquatica Extract is the extract of the whole plant Stellaria aquatica, Caryophyllaceae."
"Stellaria humifusa";"species";"Caryophyllaceae";"Stellaria";"humifusa";"Stellaria humifusa";"Accepted";"1";"tpl;tropicos;usda";"ANTIMICROBIAL, ANTIOXIDANT, HAIR CONDITIONING, SKIN CONDITIONING, SKIN PROTECTING";"";"Stellaria Humifusa Callus Extract is the extract of the callus of Stellaria humifusa grown in culture."
"Syzygium malaccense";"species";"Myrtaceae";"Syzygium";"malaccense";"Syzygium malaccense";"Accepted";"1";"tpl";"ANTIOXIDANT, SKIN PROTECTING";"";"Syzygium Malaccense Shoot Extract is the extract of the shoots of Syzygium malaccense, Myrtaceae."
"Talinum fruticosum";"species";"Talinaceae";"Talinum";"fruticosum";"Talinum fruticosum";"Accepted";"1";"tpl;tropicos";"ANTIOXIDANT";"";"Talinum Fruticosum Leaf/Stem Extract is the extract of the leaves and stems of Talinum fruticosum, Talinaceae."
"Tetrapleura tetraptera";"species";"Fabaceae";"Tetrapleura";"tetraptera";"Tetrapleura tetraptera";"Accepted";"1";"ildis";"MASKING";"";"Tetrapleura Tetraptera Fruit Extract is the extract of the fruit of Tetrapleura tetraptera, Fabaceae."
"Thespesia populneoides";"species";"Malvaceae";"Thespesia";"populneoides";"Thespesia populneoides";"Accepted";"1";"tpl;tropicos";"SKIN PROTECTING";"";"Thespesia Populneoides Bark Extract is the extract of the bark of Thespesia populneoides, Malvaceae."
"Vanilla bahiana";"species";"Orchidaceae";"Vanilla";"bahiana";"Vanilla bahiana";"Accepted";"1";"tpl;tropicos";"EMOLLIENT, MASKING";"";"Vanilla Bahiana Fruit Extract is the extract of the fruit of Vanilla bahiana, Orchidaceae."
"Veronica longifolia";"species";"Plantaginaceae";"Veronica";"longifolia";"Veronica longifolia";"Accepted";"1";"tpl;tropicos";"EMOLLIENT";"";"Veronica Longifolia Extract is the extract of the whole plant Veronica longifolia, Plantaginaceae."
"Victoria cruziana";"species";"Nymphaeaceae";"Victoria";"cruziana";"Victoria cruziana";"Accepted";"1";"tpl;usda";"HUMECTANT";"";"Victoria Cruziana Flower Extract is the extract of the flowers of Victoria cruziana, Nymphaeaceae."
"Zanthoxylum myriacanthum";"species";"Rutaceae";"Zanthoxylum";"myriacanthum";"Zanthoxylum myriacanthum";"Accepted";"1";"tpl;tropicos";"MASKING";"";"Zanthoxylum Myriacanthum Fruit Extract is the extract of the fruit of Zanthoxylum myriacanthum, Rutaceae."
"Primula auricula";"species";"Primulaceae";"Auricula-ursi";"auricula";"Primula auricula";"Synonym";"0.95";"tpl";"SKIN CONDITIONING";" ";"This is the extract of the product obtained by the fermentation of the fruits of Citrus unshui, Citus japonica, Citrus junos, Pyrus malus, Musa sapientum, Carica papaya, Pyrus serotina, Diospyros kaki, Citrullus vulgaris, Prunus persica, Prunus mume, Ficus carica, Chaenomeles sinensis, Eriobotrya japonica, Prunus armeniaca, Zizyphus jujuba, Cucurbita maxima, Castanea crenata, Vitis coignetiae, Rubus idaeus, Momordica grosbenorii, Ginkgo biloba, Juglans subcordiformis, Prunus salicina, Akebia quinata, Ctataegus cuneata, Cornus officinalis, Nephelium longana , the flowers of Chamomilla recutita, Carthamus tinctorius , the seeds of Lycium chinense, Glycine max, Phaseolus angularis, Canavalia ensiformis, Oryza sativa, Hordeum vulgare, Coix lachryma-jobi, Echinochloa crus-galli, Setaria italica, Panicum miliaceum, Sesamum indicum, Cassia obtusifolia, Pinus koraiensis , roots of Ipomoea batatas, Helianthus tuberosus, Colocasia antiquorum, Dioscorea batatas, Raphanus sativus, Brassica rapa, Daucus carota sativa, Arctium lappa, Nelumbo nucifera, Lilium auratum, Glycyrrhiza glabra, Sagittaria trifolia, Smallanthus sonchifolius, Acanthopanax sieboldianus , leaves of Brassica oleracea capitata, Morus bombycis, Perilla frutescens, Sasa veitchii , bulb of Allium sativum, Allium cepa , fruiting body of Hydnum erinaceum, Grifola frondosa, Lentinus edodes, Auricularia auricula , rhizomes of Zingiber officinale, Beta vulgaris, Polygonatum odoratum, Curcuma longa , the alga, Iridea laminarioides, Laminaria japonica, Nemacystus decipiens, Undaria pinnatifida , and the whole plants, Houttuynia cordata, Artemisia princeps, Glechoma hederacea, Taraxacum officinale, Isodon japonicus, Plantago asiatica by the microorganisms, Aspergillus, Lactobacillus, Pediococcus, Saccharomyces and Zygosaccharomyces"
"Arcytophyllum setosum";"species";"Rubiaceae";"Arcytophyllum";"nodosum";"Arcytophyllum setosum";"Synonym";"0.95";"tpl;tropicos";"SKIN CONDITIONING";" ";"Ascophyllum Nodosum is the alga, Ascophyllum nodosum, Fucaceae."
"Orixa japonica";"species";"Rutaceae";"Orixa";"japonica";"Orixa japonica";"Accepted";"0.86";"tpl;tropicos";"SKIN CONDITIONING";" ";"This is the extract of the product obtained by the fermentation of the roots of Brassica rapa (turnip), Curcuma zedoaria, Arctium lappa, Zingiber officinale (ginger), Solanum tuberosum (potato), Daucus carota (carrot), Pfaffia paniculata, Lepidium meyenii, Manihot esculenta, Smallanthus sonchifolius, Laminaria japonica, Curcuma longa (turmeric); the fruit of Euterpe oleracea, Malpighia glabra (acerola), Illicium verum (anise), Citrus aurantium dulcis (orange), Cucurbita pepo (pumpkin), Myrciaria dubia, Paullinia cupana, Actinidia chinensis (kiwi), Psidium guajava, Citrullus vulgaris (watermelon), Taverrhoa carambola, Solanum lycopersicum (tomato), Prunus domestica, Ananas sativus (pineapple), Musa sapientum (banana), Carica papaya (papaya), Capsicum annuum, Garcinia mangostana (mango), Cucumis melo (melon), Pyrus communis, Pyrus malus (apple), Citrus medica limonum (lemon), and Chaenomeles sinensis; the seeds of Phaseolus angularis, Panicum italicum, Cicer arietinum, Pisum sativum (pea), Avena sativa (oat), Hordium vulgare, Panicum miliaceum (millet), Oryza sativa (rice), Sesamum indicum (sesame), Glycine soja (soybean), Sorghum bicolor, Zea mays (corn), Coix lachryma-jobi ma-yuen, Lecythis ollaria, Echinochloa crus-galli, Triticum vulgare (wheat), Phaseolus vulgaris, Secale cereale (rye), and Lens esculenta (lentil); the leaves of Gynostemma pentaphyllum, Laminaria japonica, Echinodorus macrophyllus, Stevia rebaudiana, Ilex paraguariensis, Cymbopogon citratus, Citrullus vulgaris (watermelon), Rosmarinus officinalis (rosemary), Undaria pinnatifida, Aloe arborescens, Olea europaea (olive), Camellia sinensis, Artemisia princeps, Sasa veitchii and Alpinia speciosa; the wood of Erythroxylum catuaba and Uncaria tomentosa; the bark of Cinnamomum cassia and Tabebuia avellanedae; the rhizomes of Nelumbo nucifera; the flowers of Anthemis nobilis; the fruiting body of Sparassis crispa, Pleurotus eryngii and Pleurotus sajor-caju; the alga, Fucus vesiculosus and Cladosiphon okamuranus; and the whole plants, Chlorella vulgaris, Houttuynia cordata, Crataegus oxyacantha, Cordyceps sinensis and Ampelopsis brevipedunculata, by the microorganism, Aspergillus"
"Pera alba";"species";"Euphorbiaceae";"Pera";"alba";"Pera alba";"Accepted";"0.94";"tpl";"EMOLLIENT, EMULSIFYING, FILM FORMING, PERFUMING";" ";"Beeswax. The wax obtained from the honeycomb of the bee. It consists primarily of myricyl palmitate, cerotic acid and esters and some high-carbon paraffins"
"Eugenia mooniana";"species";"Myrtaceae";"Eugenia";"gracilis";"Eugenia mooniana";"Synonym";"0.93";"tpl";"SKIN CONDITIONING";" ";"Euglena Gracilis Extract is an extract of the Alga, Euglena gracilis, Euglenidae"
"Styrax obassis";"species";"Styracaceae";"Styrax";"obassis";"Styrax obassis";"Accepted";"0.93";"tpl;tropicos";"ANTIOXIDANT, SKIN CONDITIONING";" ";"Styrach Obassis Extract is the extract of the whole plant Styrach obassis, Styracaceae."
"Tetraena qatarensis";"species";"Zygophyllaceae";"Zygophyllum";"qatarense";"Tetraena qatarensis";"No opinion";"1";"tpl";"ANTIOXIDANT";"";"Zygophyllum Qatarense Leaf/Stem Extract is the extract of the leaves and stems of Zygophyllum qatarense, Zygophyllaceae."
